episode,total_reward_hunters,total_reward_targets
1,-618.1981199006613,-141.21924392719643
2,-458.07468585293356,-158.4921240917355
